msisdn,ts,host
3ae06583aa2560b723ae06583aaf619f,2022-06-18 01:16:12,hwid.platform.dbankcloud.ru
3ae06583aa2560b723ae06583aaf619f,2022-02-26 04:02:46,assets.applovin.com
3ae06583aa2560b723ae06583aaf619f,2022-08-23 05:21:01,uc-drru.hispace.dbankcloud.ru
3ae06583aa2560b723ae06583aaf619f,2022-08-22 06:38:31,masters-masters.ru
3ae06583aa2560b723ae06583aaf619f,2022-08-24 05:02:32,gnpfesdk-pa.googleapis.com
3ae06583aa2560b723ae06583aaf619f,2022-09-29 04:47:43,growth-pa.googleapis.com
2560b723ae06583aaf619fd9fbd0ae90,2022-08-23 05:21:01,lh5.googleusercontent.com
2560b723ae06583aaf619fd9fbd0ae90,2022-09-11 08:46:42,lh4.googleusercontent.com
2560b723ae06583aaf619fd9fbd0ae90,2022-11-07 04:25:28,connectivitycheck.cbg-app.huawei.com
2560b723ae06583aaf619fd9fbd0ae90,2022-01-20 10:37:52,ads.inmobi.com
2560b723ae06583aaf619fd9fbd0ae90,2022-08-23 05:21:01,delivery-partners.wildberries.ru
2560b723ae06583aaf619fd9fbd0ae90,2022-08-23 05:21:01,vkvd141.mycdn.me
2560b723ae06583aaf619fd9fbd0ae90,2022-05-28 07:35:19,grs.dbankcloud.cn
2560b723ae06583aaf619fd9fbd0ae90,2022-10-13 06:08:17,deviceintegritytokens-pa.googleapis.com
2560b723ae06583aaf619fd9fbd0ae90,2022-11-15 07:57:48,a2.chartboost.com
2560b723ae06583aaf619fd9fbd0ae90,2022-03-06 05:56:01,mobile-node4.online.sberbank.ru
2560b723ae06583aaf619fd9fbd0ae90,2022-10-04 05:17:55,search.wb.ru
2560b723ae06583aaf619fd9fbd0ae90,2022-09-09 10:06:44,rd.frontend.weborama.fr
2560b723ae06583aaf619fd9fbd0ae90,2022-10-13 02:09:35,notifysrv.wildberries.ru
2560b723ae06583aaf619fd9fbd0ae90,2022-12-24 00:34:42,config.inmobi.com
2560b723ae06583aaf619fd9fbd0ae90,2022-02-26 03:41:25,cloud-api.yandex.net
2560b723ae06583aaf619fd9fbd0ae90,2022-07-01 06:27:47,s1.bss.2gis.com
2560b723ae06583aaf619fd9fbd0ae90,2022-09-09 10:06:44,adc-ad-assets.adtilt.com
2560b723ae06583aaf619fd9fbd0ae90,2022-06-27 05:24:29,sun9-41.userapi.com
2560b723ae06583aaf619fd9fbd0ae90,2022-01-04 02:28:24,vkvd15.mycdn.me
2560b723ae06583aaf619fd9fbd0ae90,2022-08-25 02:21:24,www.facebook.com
2560b723ae06583aaf619fd9fbd0ae90,2022-03-12 04:37:02,rr8---sn-jvhnu5g-n8vy.gvt1.com
ae06583aaf6192560b723ae06583aaf6,2022-02-27 04:30:05,rr4---sn-jvhnu5g-n8vy.gvt1.com
ae06583aaf6192560b723ae06583aaf6,2022-07-30 04:44:56,cs1-46v4.vkuseraudio.net
ae06583aaf6192560b723ae06583aaf6,2022-06-16 10:52:21,trosani-b.ru
ae06583aaf6192560b723ae06583aaf6,2022-02-09 10:04:37,cs1-70v4.vkuseraudio.net
ae06583aaf6192560b723ae06583aaf6,2022-10-17 09:07:08,supl.google.com
2560b723ae06583aaf619fd9fbd0ae90,2022-01-04 06:19:37,tigger-citadel.touchtype-fluency.com
2560b723ae06583aaf619fd9fbd0ae90,2022-03-04 00:15:41,sun9-20.userapi.com
2560b723ae06583aaf619fd9fbd0ae90,2022-02-27 11:28:18,sun1-19.userapi.com
2560b723ae06583aaf619fd9fbd0ae90,2022-09-09 10:06:44,sun9-32.userapi.com
2560b723ae06583aaf619fd9fbd0ae90,2022-12-15 06:22:48,marinastylist.ru
2560b723ae06583aaf619fd9fbd0ae90,2022-04-17 03:54:13,sun1-87.userapi.com
2560b723ae06583aaf619fd9fbd0ae90,2022-09-09 10:06:44,sun9-14.userapi.com
2560b723ae06583aaf619fd9fbd0ae90,2022-06-21 00:01:13,ext-strm-m9mts60.strm.yandex.net
2560b723ae06583aaf619fd9fbd0ae90,2022-01-15 07:52:58,cryptauthdevicesync.googleapis.com
2560b723ae06583aaf619fd9fbd0ae90,2022-10-30 05:35:53,events-drru.op.hicloud.com
2560b723ae06583aaf619fd9fbd0ae90,2022-10-24 07:50:26,grs.dbankcloud.eu
2560b723ae06583aaf619fd9fbd0ae90,2022-05-14 02:22:28,api.accuweather.com
2560b723ae06583aaf619fd9fbd0ae90,2022-02-03 06:30:23,stats.avito.ru
2560b723ae06583aaf619fd9fbd0ae90,2022-04-09 01:42:23,play.pixelparadise.gg
2560b723ae06583aaf619fd9fbd0ae90,2022-05-14 02:05:39,crt.sectigo.com
2560b723ae06583aaf619fd9fbd0ae90,2022-10-25 02:32:26,a4.applovin.com
2560b723ae06583aaf619fd9fbd0ae90,2022-03-27 08:48:43,configure.rayjump.com
2560b723ae06583aaf619fd9fbd0ae90,2022-09-09 10:06:44,s3.cdn.eg.ru
fd9fbd0ae902560b723ae06583aaf619,2022-09-09 10:06:44,iab-imp-gateway.supersonicads.com
fd9fbd0ae902560b723ae06583aaf619,2022-05-08 04:26:42,masters-masters.ru
fd9fbd0ae902560b723ae06583aaf619,2022-09-10 12:12:11,cs1-52v4.vkuseraudio.net
2560b723ae06583aaf619fd9fbd0ae90,2022-06-21 11:13:41,fonts.googleapis.com
2560b723ae06583aaf619fd9fbd0ae90,2022-03-25 07:35:59,hybird.rayjump.com
fd9fbd0ae902560b723ae06583aaf619,2022-10-14 06:04:53,m.mradx.net
2560b723ae06583aaf619fd9fbd0ae90,2022-08-05 01:50:57,search16-normal-c-alisg.tiktokv.com
2560b723ae06583aaf619fd9fbd0ae90,2022-08-08 02:58:31,cs02-pps-drru.dbankcdn.com
2560b723ae06583aaf619fd9fbd0ae90,2022-12-24 11:26:06,tnc16-useast1a.isnssdk.com
2560b723ae06583aaf619fd9fbd0ae90,2022-08-17 03:44:03,img.applovin.com
2560b723ae06583aaf619fd9fbd0ae90,2022-08-11 00:31:21,appoptimize-drru.dbankcdn.ru
2560b723ae06583aaf619fd9fbd0ae90,2022-03-05 07:07:18,sun9-57.userapi.com
2560b723ae06583aaf619fd9fbd0ae90,2022-07-01 05:01:41,tnc16-platform-alisg.tiktokv.com
fd9fbd0ae902560b723ae06583aaf619,2022-05-03 08:13:03,trosani-b.ru
2560b723ae06583aaf619fd9fbd0ae90,2022-06-09 11:42:52,cs1-67v4.vkuseraudio.net
2560b723ae06583aaf619fd9fbd0ae90,2022-05-01 07:23:16,hbe199.hybrid.ai
2560b723ae06583aaf619fd9fbd0ae90,2022-07-28 11:22:22,rr3---sn-jvhnu5g-n8ve7.gvt1.com
2560b723ae06583aaf619fd9fbd0ae90,2022-06-08 12:02:53,dit.whatsapp.net
2560b723ae06583aaf619fd9fbd0ae90,2022-09-25 10:16:40,sun1-83.userapi.com
2560b723ae06583aaf619fd9fbd0ae90,2022-08-23 05:21:01,android-context-data.googleapis.com
2560b723ae06583aaf619fd9fbd0ae90,2022-06-10 07:05:21,api16-normal-c-alisg.tiktokv.com
2560b723ae06583aaf619fd9fbd0ae90,2022-09-20 09:55:35,cs1-64v4.vkuseraudio.net
2560b723ae06583aaf619fd9fbd0ae90,2022-08-23 05:21:01,hisearch-static-drru.dbankcdn.com
2560b723ae06583aaf619fd9fbd0ae90,2022-10-17 10:45:28,play-fe.googleapis.com
2560b723ae06583aaf619fd9fbd0ae90,2022-12-12 02:10:57,persona.franchise.minecraft-services.net
619fd9fbd0ae2560b723ae06583aaf61,2022-05-24 04:41:58,media-frt3-2.cdn.whatsapp.net
619fd9fbd0ae2560b723ae06583aaf61,2022-01-24 02:45:55,rr4---sn-jvhnu5g-c35z.gvt1.com
619fd9fbd0ae2560b723ae06583aaf61,2022-01-21 02:17:36,pdn.applovin.com
619fd9fbd0ae2560b723ae06583aaf61,2022-01-19 00:53:35,mc-nat-t.cloudapp.net
619fd9fbd0ae2560b723ae06583aaf61,2022-09-09 10:06:44,rr5---sn-jvhnu5g-n8vy.gvt1.com
2560b723ae06583aaf619fd9fbd0ae90,2022-09-09 10:06:44,sun1-97.userapi.com
2560b723ae06583aaf619fd9fbd0ae90,2022-12-18 10:21:55,cm.p.altergeo.ru
2560b723ae06583aaf619fd9fbd0ae90,2022-05-29 07:24:21,api19-core-c-alisg.tiktokv.com
2560b723ae06583aaf619fd9fbd0ae90,2022-04-28 02:23:55,rr5---sn-jvhnu5g-c35s.gvt1.com
2560b723ae06583aaf619fd9fbd0ae90,2022-07-29 00:41:30,sun9-72.userapi.com
2560b723ae06583aaf619fd9fbd0ae90,2022-01-12 07:47:19,va-res.online.sberbank.ru
583aaf619f2560b723ae06583aaf619f,2022-07-06 06:39:03,rr7---sn-jvhnu5g-n8vy.gvt1.com
583aaf619f2560b723ae06583aaf619f,2022-03-30 01:48:55,tech.rtb.mts.ru
583aaf619f2560b723ae06583aaf619f,2022-06-03 08:33:27,api.mycdn.me
583aaf619f2560b723ae06583aaf619f,2022-11-18 06:20:58,masters-masters.ru
583aaf619f2560b723ae06583aaf619f,2022-09-22 03:51:42,ads.adfox.ru
583aaf619f2560b723ae06583aaf619f,2022-11-18 04:20:30,ssp-events.chartboost.com
583aaf619f2560b723ae06583aaf619f,2022-09-22 08:47:17,sun9-86.userapi.com
2560b723ae06583aaf619fd9fbd0ae90,2022-10-16 04:20:27,sun1-85.userapi.com
2560b723ae06583aaf619fd9fbd0ae90,2022-06-14 06:31:54,logs.ironsrc.mobi
2560b723ae06583aaf619fd9fbd0ae90,2022-02-27 05:43:48,sf16-fe-tos-sg.i18n-pglstatp.com
2560b723ae06583aaf619fd9fbd0ae90,2022-10-10 03:35:09,g.whatsapp.net
2560b723ae06583aaf619fd9fbd0ae90,2022-02-28 02:40:30,trosani-b.ru
2560b723ae06583aaf619fd9fbd0ae90,2022-01-26 06:24:50,sun1-26.userapi.com
2560b723ae06583aaf619fd9fbd0ae90,2022-01-22 05:56:30,vkvd125.mycdn.me
